-- MySQL dump 10.13  Distrib 5.6.45, for Win64 (x86_64)
--
-- Host: localhost    Database: miaosha
-- ------------------------------------------------------
-- Server version	5.6.45-log

/*!40101 SET @OLD_CHARACTER_SET_CLIENT=@@CHARACTER_SET_CLIENT */;
/*!40101 SET @OLD_CHARACTER_SET_RESULTS=@@CHARACTER_SET_RESULTS */;
/*!40101 SET @OLD_COLLATION_CONNECTION=@@COLLATION_CONNECTION */;
/*!40101 SET NAMES utf8 */;
/*!40103 SET @OLD_TIME_ZONE=@@TIME_ZONE */;
/*!40103 SET TIME_ZONE='+00:00' */;
/*!40014 SET @OLD_UNIQUE_CHECKS=@@UNIQUE_CHECKS, UNIQUE_CHECKS=0 */;
/*!40014 SET @OLD_FOREIGN_KEY_CHECKS=@@FOREIGN_KEY_CHECKS, FOREIGN_KEY_CHECKS=0 */;
/*!40101 SET @OLD_SQL_MODE=@@SQL_MODE, SQL_MODE='NO_AUTO_VALUE_ON_ZERO' */;
/*!40111 SET @OLD_SQL_NOTES=@@SQL_NOTES, SQL_NOTES=0 */;

--
-- Current Database: `miaosha`
--

CREATE DATABASE /*!32312 IF NOT EXISTS*/ `miaosha` /*!40100 DEFAULT CHARACTER SET utf8 COLLATE utf8_unicode_ci */;

USE `miaosha`;

--
-- Table structure for table `item`
--

DROP TABLE IF EXISTS `item`;
/*!40101 SET @saved_cs_client     = @@character_set_client */;
/*!40101 SET character_set_client = utf8 */;
CREATE TABLE `item` (
  `id` int(11) NOT NULL AUTO_INCREMENT,
  `title` varchar(64) COLLATE utf8_unicode_ci NOT NULL DEFAULT '',
  `price` double(10,0) NOT NULL DEFAULT '0',
  `description` varchar(500) COLLATE utf8_unicode_ci NOT NULL DEFAULT '',
  `sales` int(11) NOT NULL DEFAULT '0',
  `img_url` varchar(255) COLLATE utf8_unicode_ci NOT NULL DEFAULT '',
  PRIMARY KEY (`id`)
) ENGINE=InnoDB AUTO_INCREMENT=7 DEFAULT CHARSET=utf8 COLLATE=utf8_unicode_ci;
/*!40101 SET character_set_client = @saved_cs_client */;

--
-- Dumping data for table `item`
--

LOCK TABLES `item` WRITE;
/*!40000 ALTER TABLE `item` DISABLE KEYS */;
INSERT INTO `item` VALUES (6,'小米8',3699,'很漂亮',110,'https://paimgcdn.baidu.com/7832D88E228953C1?src=http%3A%2F%2Fms.bdimg.com%2Fdsp-image%2F3260677927.png&rz=urar_2_968_600&v=0');
/*!40000 ALTER TABLE `item` ENABLE KEYS */;
UNLOCK TABLES;

--
-- Table structure for table `item_stock`
--

DROP TABLE IF EXISTS `item_stock`;
/*!40101 SET @saved_cs_client     = @@character_set_client */;
/*!40101 SET character_set_client = utf8 */;
CREATE TABLE `item_stock` (
  `id` int(11) NOT NULL AUTO_INCREMENT,
  `stock` int(11) NOT NULL DEFAULT '0',
  `item_id` int(11) NOT NULL DEFAULT '0',
  PRIMARY KEY (`id`)
) ENGINE=InnoDB AUTO_INCREMENT=7 DEFAULT CHARSET=utf8 COLLATE=utf8_unicode_ci;
/*!40101 SET character_set_client = @saved_cs_client */;

--
-- Dumping data for table `item_stock`
--

LOCK TABLES `item_stock` WRITE;
/*!40000 ALTER TABLE `item_stock` DISABLE KEYS */;
INSERT INTO `item_stock` VALUES (6,240,6);
/*!40000 ALTER TABLE `item_stock` ENABLE KEYS */;
UNLOCK TABLES;

--
-- Table structure for table `order_info`
--

DROP TABLE IF EXISTS `order_info`;
/*!40101 SET @saved_cs_client     = @@character_set_client */;
/*!40101 SET character_set_client = utf8 */;
CREATE TABLE `order_info` (
  `id` varchar(32) COLLATE utf8_unicode_ci NOT NULL,
  `user_id` int(11) NOT NULL DEFAULT '0',
  `item_id` int(11) NOT NULL DEFAULT '0',
  `item_price` double NOT NULL DEFAULT '0',
  `amount` int(11) NOT NULL DEFAULT '0',
  `order_price` double NOT NULL DEFAULT '0',
  `promo_id` int(11) NOT NULL DEFAULT '0',
  PRIMARY KEY (`id`)
) ENGINE=InnoDB DEFAULT CHARSET=utf8 COLLATE=utf8_unicode_ci;
/*!40101 SET character_set_client = @saved_cs_client */;

--
-- Dumping data for table `order_info`
--

LOCK TABLES `order_info` WRITE;
/*!40000 ALTER TABLE `order_info` DISABLE KEYS */;
INSERT INTO `order_info` VALUES ('2020041700000000',16,6,3699,1,3699,0),('2020041700000100',16,6,3699,1,3699,0),('2020041700000200',16,6,3699,1,3699,0),('2020041700000300',17,6,3699,1,3699,0),('2020041900000400',16,6,100,1,100,1),('2020041900000500',16,6,100,1,100,1),('2020042000000600',16,6,100,1,100,1),('2020042000000700',16,6,100,1,100,1),('2020042000000800',16,6,100,1,100,1),('2020042000000900',16,6,100,1,100,1);
/*!40000 ALTER TABLE `order_info` ENABLE KEYS */;
UNLOCK TABLES;

--
-- Table structure for table `promo`
--

DROP TABLE IF EXISTS `promo`;
/*!40101 SET @saved_cs_client     = @@character_set_client */;
/*!40101 SET character_set_client = utf8 */;
CREATE TABLE `promo` (
  `id` int(11) NOT NULL AUTO_INCREMENT,
  `promo_name` varchar(255) COLLATE utf8_unicode_ci NOT NULL DEFAULT '' COMMENT '//秒杀活动商品名称',
  `start_date` datetime NOT NULL DEFAULT '0000-00-00 00:00:00' COMMENT '//活动开始时间',
  `item_id` int(11) NOT NULL DEFAULT '0' COMMENT '//秒杀活动商品id',
  `promo_item_price` double NOT NULL DEFAULT '0' COMMENT '//秒杀活动商品价格',
  `end_date` datetime NOT NULL DEFAULT '0000-00-00 00:00:00' COMMENT '//秒杀活动结束时间',
  PRIMARY KEY (`id`)
) ENGINE=InnoDB AUTO_INCREMENT=2 DEFAULT CHARSET=utf8 COLLATE=utf8_unicode_ci;

/*!40101 SET character_set_client = @saved_cs_client */;

--
-- Dumping data for table `promo`
--

LOCK TABLES `promo` WRITE;
/*!40000 ALTER TABLE `promo` DISABLE KEYS */;
INSERT INTO `promo` VALUES (1,'小米8抢购活动!','2020-04-19 23:27:53','2020-04-20 22:00:00',6,100.00);
/*!40000 ALTER TABLE `promo` ENABLE KEYS */;
UNLOCK TABLES;

--
-- Table structure for table `sequence_info`
--

DROP TABLE IF EXISTS `sequence_info`;
/*!40101 SET @saved_cs_client     = @@character_set_client */;
/*!40101 SET character_set_client = utf8 */;
CREATE TABLE `sequence_info` (
  `name` varchar(255) COLLATE utf8_unicode_ci NOT NULL,
  `current_value` int(11) NOT NULL DEFAULT '0',
  `step` int(11) NOT NULL DEFAULT '0',
  PRIMARY KEY (`name`)
) ENGINE=InnoDB DEFAULT CHARSET=utf8 COLLATE=utf8_unicode_ci;
/*!40101 SET character_set_client = @saved_cs_client */;

--
-- Dumping data for table `sequence_info`
--

LOCK TABLES `sequence_info` WRITE;
/*!40000 ALTER TABLE `sequence_info` DISABLE KEYS */;
INSERT INTO `sequence_info` VALUES ('order_info',10,1);
/*!40000 ALTER TABLE `sequence_info` ENABLE KEYS */;
UNLOCK TABLES;

--
-- Table structure for table `user_info`
--

DROP TABLE IF EXISTS `user_info`;
/*!40101 SET @saved_cs_client     = @@character_set_client */;
/*!40101 SET character_set_client = utf8 */;
CREATE TABLE `user_info` (
  `id` int(11) NOT NULL AUTO_INCREMENT,
  `name` varchar(64) COLLATE utf8_unicode_ci NOT NULL DEFAULT '',
  `gender` tinyint(4) NOT NULL DEFAULT '0',
  `age` int(11) NOT NULL DEFAULT '0' COMMENT '//1是男,//2是女',
  `telphone` varchar(64) COLLATE utf8_unicode_ci NOT NULL DEFAULT '',
  `register_mode` varchar(64) COLLATE utf8_unicode_ci NOT NULL DEFAULT '',
  `third_party_id` varchar(64) COLLATE utf8_unicode_ci NOT NULL DEFAULT '',
  PRIMARY KEY (`id`),
  UNIQUE KEY `telphone_unique_index` (`telphone`) USING BTREE
) ENGINE=InnoDB AUTO_INCREMENT=18 DEFAULT CHARSET=utf8 COLLATE=utf8_unicode_ci;
/*!40101 SET character_set_client = @saved_cs_client */;

--
-- Dumping data for table `user_info`
--

LOCK TABLES `user_info` WRITE;
/*!40000 ALTER TABLE `user_info` DISABLE KEYS */;
INSERT INTO `user_info` VALUES (1,'第一个用户',1,30,'18895376291','byPhone',''),(14,'Y50705219',1,34,'18895376191','byPhone',''),(16,'Y50705219',1,34,'18895376190','byPhone',''),(17,'张恒',1,24,'18895376192','byphone','');
/*!40000 ALTER TABLE `user_info` ENABLE KEYS */;
UNLOCK TABLES;

--
-- Table structure for table `user_password`
--

DROP TABLE IF EXISTS `user_password`;
/*!40101 SET @saved_cs_client     = @@character_set_client */;
/*!40101 SET character_set_client = utf8 */;
CREATE TABLE `user_password` (
  `id` int(11) NOT NULL AUTO_INCREMENT,
  `encrpt_password` varchar(128) COLLATE utf8_unicode_ci NOT NULL DEFAULT '',
  `user_id` int(11) NOT NULL DEFAULT '0',
  PRIMARY KEY (`id`)
) ENGINE=InnoDB AUTO_INCREMENT=16 DEFAULT CHARSET=utf8 COLLATE=utf8_unicode_ci;
/*!40101 SET character_set_client = @saved_cs_client */;

--
-- Dumping data for table `user_password`
--

LOCK TABLES `user_password` WRITE;
/*!40000 ALTER TABLE `user_password` DISABLE KEYS */;
INSERT INTO `user_password` VALUES (1,'hasodhsafhjfds',1),(12,'gdyb21LQTcIANtvYMT7QVQ==',14),(14,'gdyb21LQTcIANtvYMT7QVQ==',16),(15,'gdyb21LQTcIANtvYMT7QVQ==',17);
/*!40000 ALTER TABLE `user_password` ENABLE KEYS */;
UNLOCK TABLES;
/*!40103 SET TIME_ZONE=@OLD_TIME_ZONE */;

/*!40101 SET SQL_MODE=@OLD_SQL_MODE */;
/*!40014 SET FOREIGN_KEY_CHECKS=@OLD_FOREIGN_KEY_CHECKS */;
/*!40014 SET UNIQUE_CHECKS=@OLD_UNIQUE_CHECKS */;
/*!40101 SET CHARACTER_SET_CLIENT=@OLD_CHARACTER_SET_CLIENT */;
/*!40101 SET CHARACTER_SET_RESULTS=@OLD_CHARACTER_SET_RESULTS */;
/*!40101 SET COLLATION_CONNECTION=@OLD_COLLATION_CONNECTION */;
/*!40111 SET SQL_NOTES=@OLD_SQL_NOTES */;

-- Dump completed on 2020-04-20 20:18:14
